{
  "images" : [
    {
      "filename" : "등록되어있는 반려동물 정보가 없습니다.새로 등록할까요.png",
      "idiom" : "universal",
      "scale" : "1x"
    },
    {
      "filename" : "등록되어있는 반려동물 정보가 없습니다.새로 등록할까요@2x.png",
      "idiom" : "universal",
      "scale" : "2x"
    },
    {
      "filename" : "등록되어있는 반려동물 정보가 없습니다.새로 등록할까요@3x.png",
      "idiom" : "universal",
      "scale" : "3x"
    }
  ],
  "info" : {
    "author" : "xcode",
    "version" : 1
  }
}
